{
  "chanMap": [
    0,
    6,
    12,
    18,
    24,
    30,
    36,
    42,
    48,
    54,
    60,
    66,
    72,
    78,
    84,
    90,
    96,
    102,
    108,
    114,
    120,
    126,
    132,
    138,
    144,
    150,
    156,
    162,
    168,
    174,
    180,
    186,
    1,
    7,
    13,
    19,
    25,
    31,
    37,
    43,
    49,
    55,
    61,
    67,
    73,
    79,
    85,
    91,
    97,
    103,
    109,
    115,
    121,
    127,
    133,
    139,
    145,
    151,
    157,
    163,
    169,
    175,
    181,
    187,
    2,
    8,
    14,
    20,
    26,
    32,
    38,
    44,
    50,
    56,
    62,
    68,
    74,
    80,
    86,
    92,
    98,
    104,
    110,
    116,
    122,
    128,
    134,
    140,
    146,
    152,
    158,
    164,
    170,
    176,
    182,
    188,
    3,
    9,
    15,
    21,
    27,
    33,
    39,
    45,
    51,
    57,
    63,
    69,
    75,
    81,
    87,
    93,
    99,
    105,
    111,
    117,
    123,
    129,
    135,
    141,
    147,
    153,
    159,
    165,
    171,
    177,
    183,
    189,
    4,
    10,
    16,
    22,
    28,
    34,
    40,
    46,
    52,
    58,
    64,
    70,
    76,
    82,
    88,
    94,
    100,
    106,
    112,
    118,
    124,
    130,
    136,
    142,
    148,
    154,
    160,
    166,
    172,
    178,
    184,
    190,
    5,
    11,
    17,
    23,
    29,
    35,
    41,
    47,
    53,
    59,
    65,
    71,
    77,
    83,
    89,
    95,
    101,
    107,
    113,
    119,
    125,
    131,
    137,
    143,
    149,
    155,
    161,
    167,
    173,
    179,
    185,
    191
  ],
  "xc": [
    212.5,
    612.5,
    1012.5,
    1412.5,
    1812.5,
    2212.5,
    2612.5,
    3012.5,
    12.5,
    412.5,
    812.5,
    1212.5,
    1612.5,
    2012.5,
    2412.5,
    2812.5,
    212.5,
    612.5,
    1012.5,
    1412.5,
    1812.5,
    2212.5,
    2612.5,
    3012.5,
    12.5,
    412.5,
    812.5,
    1212.5,
    1612.5,
    2012.5,
    2412.5,
    2812.5,
    6192.482034956201,
    6421.912609496619,
    6651.343184037038,
    6880.773758577456,
    7110.204333117874,
    7339.634907658292,
    7569.065482198711,
    7798.496056739129,
    5794.012479544284,
    6023.443054084702,
    6252.8736286251215,
    6482.30420316554,
    6711.734777705959,
    6941.165352246377,
    7170.595926786795,
    7400.026501327213,
    5624.973498672787,
    5854.404073213205,
    6083.834647753623,
    6313.265222294042,
    6542.69579683446,
    6772.126371374879,
    7001.556945915298,
    7230.987520455716,
    5226.503943260871,
    5455.934517801289,
    5685.365092341708,
    5914.795666882126,
    6144.226241422544,
    6373.656815962962,
    6603.087390503381,
    6832.517965043799,
    4034.013785881334,
    4203.061090577614,
    4372.108395273894,
    4541.155699970173,
    4710.203004666453,
    4879.250309362733,
    5048.297614059013,
    5217.344918755292,
    3635.5451161036985,
    3804.5924207999783,
    3973.6397254962585,
    4142.687030192538,
    4311.734334888818,
    4480.781639585098,
    4649.8289442813775,
    4818.876248977657,
    3406.1237510223427,
    3575.171055718623,
    3744.2183604149027,
    3913.2656651111824,
    4082.312969807462,
    4251.360274503742,
    4420.407579200022,
    4589.454883896302,
    3007.6550812447076,
    3176.7023859409874,
    3345.749690637267,
    3514.796995333547,
    3683.8443000298266,
    3852.8916047261064,
    4021.938909422386,
    4190.986214118666,
    1742.0223279683926,
    2135.945429173276,
    2529.868530378159,
    2923.791631583042,
    3317.7147327879256,
    3711.6378339928087,
    4105.560935197692,
    4499.484036402575,
    1605.2125061097756,
    1999.135607314659,
    2393.058708519542,
    2786.981809724425,
    3180.9049109293082,
    3574.8280121341913,
    3968.751113339075,
    4362.674214543958,
    1862.3257854560418,
    2256.248886660925,
    2650.171987865808,
    3044.0950890706918,
    3438.018190275575,
    3831.941291480458,
    4225.864392685341,
    4619.787493890224,
    1725.5159635974248,
    2119.439064802308,
    2513.3621660071913,
    2907.2852672120744,
    3301.208368416958,
    3695.131469621841,
    4089.054570826724,
    4482.977672031608,
    172.1607685490476,
    570.6386477857459,
    969.1165270224441,
    1367.5944062591423,
    1766.0722854958406,
    2164.5501647325386,
    2563.028043969237,
    2961.505923205935,
    3.112578218487215,
    401.5904574551853,
    800.0683366918837,
    1198.546215928582,
    1597.0240951652802,
    1995.5019744019783,
    2393.9798536386766,
    2792.457732875375,
    232.54226712462514,
    631.0201463613234,
    1029.4980255980217,
    1427.9759048347198,
    1826.453784071418,
    2224.931663308116,
    2623.4095425448145,
    3021.887421781513,
    63.494076794064995,
    461.97195603076307,
    860.4498352674613,
    1258.9277145041594,
    1657.4055937408577,
    2055.883472977556,
    2454.361352214254,
    2852.8392314509524,
    1142.0223279683926,
    1535.945429173276,
    1929.868530378159,
    2323.791631583042,
    2717.7147327879256,
    3111.6378339928087,
    3505.560935197692,
    3899.484036402575,
    1005.2125061097756,
    1399.135607314659,
    1793.058708519542,
    2186.981809724425,
    2580.9049109293082,
    2974.8280121341913,
    3368.751113339075,
    3762.6742145439584,
    1262.3257854560418,
    1656.248886660925,
    2050.171987865808,
    2444.0950890706918,
    2838.018190275575,
    3231.941291480458,
    3625.864392685341,
    4019.787493890224,
    1125.5159635974248,
    1519.4390648023082,
    1913.3621660071913,
    2307.2852672120744,
    2701.208368416958,
    3095.131469621841,
    3489.054570826724,
    3882.9776720316077
  ],