{
  "chanMap": [
    0,
    4,
    8,
    12,
    16,
    20,
    24,
    28,
    32,
    36,
    40,
    44,
    48,
    52,
    56,
    60,
    64,
    68,
    72,
    76,
    80,
    84,
    88,
    92,
    96,
    100,
    104,
    108,
    112,
    116,
    120,
    124,
    1,
    5,
    9,
    13,
    17,
    21,
    25,
    29,
    33,
    37,
    41,
    45,
    49,
    53,
    57,
    61,
    65,
    69,
    73,
    77,
    81,
    85,
    89,
    93,
    97,
    101,
    105,
    109,
    113,
    117,
    121,
    125,
    2,
    6,
    10,
    14,
    18,
    22,
    26,
    30,
    34,
    38,
    42,
    46,
    50,
    54,
    58,
    62,
    66,
    70,
    74,
    78,
    82,
    86,
    90,
    94,
    98,
    102,
    106,
    110,
    114,
    118,
    122,
    126,
    3,
    7,
    11,
    15,
    19,
    23,
    27,
    31,
    35,
    39,
    43,
    47,
    51,
    55,
    59,
    63,
    67,
    71,
    75,
    79,
    83,
    87,
    91,
    95,
    99,
    103,
    107,
    111,
    115,
    119,
    123,
    127
  ],
  "xc": [
    3479.1666666666665,
    3079.1666666666665,
    2679.1666666666665,
    2279.1666666666665,
    1879.1666666666665,
    1479.1666666666665,
    1079.1666666666665,
    679.1666666666666,
    3679.1666666666665,
    3279.1666666666665,
    2879.1666666666665,
    2479.1666666666665,
    2079.1666666666665,
    1679.1666666666665,
    1279.1666666666665,
    879.1666666666666,
    3479.1666666666665,
    3079.1666666666665,
    2679.1666666666665,
    2279.1666666666665,
    1879.1666666666665,
    1479.1666666666665,
    1079.1666666666665,
    679.1666666666666,
    3679.1666666666665,
    3279.1666666666665,
    2879.1666666666665,
    2479.1666666666665,
    2079.1666666666665,
    1679.1666666666665,
    1279.1666666666665,
    879.1666666666666,
    3812.5,
    3412.5,
    3012.5,
    2612.5,
    2212.5,
    1812.5,
    1412.5,
    1012.5,
    4012.5,
    3612.5,
    3212.5,
    2812.5,
    2412.5,
    2012.5,
    1612.5,
    1212.5,
    3812.5,
    3412.5,
    3012.5,
    2612.5,
    2212.5,
    1812.5,
    1412.5,
    1012.5,
    4012.5,
    3612.5,
    3212.5,
    2812.5,
    2412.5,
    2012.5,
    1612.5,
    1212.5,
    4145.833333333333,
    3745.833333333333,
    3345.833333333333,
    2945.833333333333,
    2545.833333333333,
    2145.833333333333,
    1745.8333333333333,
    1345.8333333333333,
    4345.833333333333,
    3945.833333333333,
    3545.833333333333,
    3145.833333333333,
    2745.833333333333,
    2345.833333333333,
    1945.8333333333333,
    1545.8333333333333,
    4145.833333333333,
    3745.833333333333,
    3345.833333333333,
    2945.833333333333,
    2545.833333333333,
    2145.833333333333,
    1745.8333333333333,
    1345.8333333333333,
    4345.833333333333,
    3945.833333333333,
    3545.833333333333,
    3145.833333333333,
    2745.833333333333,
    2345.833333333333,
    1945.8333333333333,
    1545.8333333333333,
    4992.9,
    4992.9,
    4992.9,
    4992.9,
    4992.9,
    4992.9,
    4992.900000000001,
    4992.900000000001,
    5339.3,
    5339.3,
    5339.3,
    5339.3,
    5339.3,
    5339.3,
    5339.3,
    5339.3,
    5685.7,
    5685.7,
    5685.7,
    5685.7,
    5685.7,
    5685.7,
    5685.7,
    5685.7,
    6032.1,
    6032.1,
    6032.1,
    6032.1,
    6032.1,
    6032.1,
    6032.1,
    6032.1
  ],
  "yc": [
    2012.5,
    2012.5,
    2012.5,
    2012.5,
    2012.5,
    2012.5,
    2012.5,
    2012.5,
    2358.9,
    2358.9,
    2358.9,
    2358.9,
    2358.9,
    2358.9,
    2358.9,
    2358.9,
    2705.3,
    2705.3,
    2705.3,
    2705.3,
    2705.3,
    2705.3,
    2705.3,
    2705.3,
    3051.7,
    3051.7,
    3051.7,
    3051.7,
    3051.7,
    3051.7,
    3051.7,
    3051.7,
    4012.5,
    4012.5,
    4012.5,
    4012.5,
    4012.5,
    4012.5,
    4012.5,
    4012.5,
    4358.9,
    4358.9,
    4358.9,
    4358.9,
    4358.9,
    4358.9,
    4358.9,
    4358.9,
    4705.3,
    4705.3,
    4705.3,
    4705.3,
    4705.3,
    4705.3,
    4705.3,
    4705.3,
    5051.7,
    5051.7,
    5051.7,
    5051.7,
    5051.7,
    5051.7,
    5051.7,
    5051.7,
    6012.5,
    6012.5,
    6012.5,
    6012.5,
    6012.5,
    6012.5,
    6012.5,
    6012.5,
    6358.9,
    6358.9,
    6358.9,
    6358.9,
    6358.9,
    6358.9,
    6358.9,
    6358.9,
    6705.3,
    6705.3,
    6705.3,
    6705.3,
    6705.3,
    6705.3,
    6705.3,
    6705.3,
    7051.7,
    7051.7,
    7051.7,
    7051.7,
    7051.7,
    7051.7,
    7051.7,
    7051.7,
    3432.1,
    3832.1,
    4232.1,
    4632.1,
    5032.1,
    5432.1,
    5832.1,
    6232.1,
    3232.1,
    3632.1,
    4032.1,
    4432.1,
    4832.1,
    5232.1,
    5632.1,
    6032.1,
    3432.1,
    3832.1,
    4232.1,
    4632.1,
    5032.1,
    5432.1,
    5832.1,
    6232.1,
    3232.1,
    3632.1,
    4032.1,
    4432.099999999999,
    4832.1,
    5232.1,
    5632.1,
    6032.1
  ],
  "kcoords": [
    1,
    1,
    1,
    1,
    1,
    1,
    1,
    1,
    1,
    1,
    1,
    1,
    1,
    1,
    1,
    1,
    1,
    1,
    1,
    1,
    1,
    1,
    1,
    1,
    1,
    1,
    1,
    1,
    1,
    1,
    1,
    1,
    2,
    2,
    2,
    2,
    2,
    2,
    2,
    2,
    2,
    2,
    2,
    2,
    2,
    2,
    2,
    2,
    2,
    2,
    2,
    2,
    2,
    2,
    2,
    2,
    2,
    2,
    2,
    2,
    2,
    2,
    2,
    2,
    3,
    3,
    3,
    3,
    3,
    3,
    3,
    3,
    3,
    3,
    3,
    3,
    3,
    3,
    3,
    3,
    3,
    3,
    3,
    3,
    3,
    3,
    3,
    3,
    3,
    3,
    3,
    3,
    3,
    3,
    3,
    3,
    4,
    4,
    4,
    4,
    4,
    4,
    4,
    4,
    4,
    4,
    4,
    4,
    4,
    4,
    4,
    4,
    4,
    4,
    4,
    4,
    4,
    4,
    4,
    4,
    4,
    4,
    4,
    4,
    4,
    4,
    4,
    4
  ],
  "n_chan": 128
}