{
  "chanMap": [
    0,
    4,
    8,
    12,
    16,
    20,
    24,
    28,
    32,
    36,
    40,
    44,
    48,
    52,
    56,
    60,
    64,
    68,
    72,
    76,
    80,
    84,
    88,
    92,
    96,
    100,
    104,
    108,
    112,
    116,
    120,
    124,
    1,
    5,
    9,
    13,
    17,
    21,
    25,
    29,
    33,
    37,
    41,
    45,
    49,
    53,
    57,
    61,
    65,
    69,
    73,
    77,
    81,
    85,
    89,
    93,
    97,
    101,
    105,
    109,
    113,
    117,
    121,
    125,
    2,
    6,
    10,
    14,
    18,
    22,
    26,
    30,
    34,
    38,
    42,
    46,
    50,
    54,
    58,
    62,
    66,
    70,
    74,
    78,
    82,
    86,
    90,
    94,
    98,
    102,
    106,
    110,
    114,
    118,
    122,
    126,
    3,
    7,
    11,
    15,
    19,
    23,
    27,
    31,
    35,
    39,
    43,
    47,
    51,
    55,
    59,
    63,
    67,
    71,
    75,
    79,
    83,
    87,
    91,
    95,
    99,
    103,
    107,
    111,
    115,
    119,
    123,
    127
  ],
  "xc": [
    4034.013785881334,
    4203.061090577614,
    4372.108395273894,
    4541.155699970173,
    4710.203004666453,
    4879.250309362733,
    5048.297614059013,
    5217.344918755292,
    3635.5451161036985,
    3804.5924207999783,
    3973.6397254962585,
    4142.687030192538,
    4311.734334888818,
    4480.781639585098,
    4649.8289442813775,
    4818.876248977657,
    3406.1237510223427,
    3575.171055718623,
    3744.2183604149027,
    3913.2656651111824,
    4082.312969807462,
    4251.360274503742,
    4420.407579200022,
    4589.454883896302,
    3007.6550812447076,
    3176.7023859409874,
    3345.749690637267,
    3514.796995333547,
    3683.8443000298266,
    3852.8916047261064,
    4021.938909422386,
    4190.986214118666,
    1742.0223279683926,
    2135.945429173276,
    2529.868530378159,
    2923.791631583042,
    3317.7147327879256,
    3711.6378339928087,
    4105.560935197692,
    4499.484036402575,
    1605.2125061097756,
    1999.135607314659,
    2393.058708519542,
    2786.981809724425,
    3180.9049109293082,
    3574.8280121341913,
    3968.751113339075,
    4362.674214543958,
    1862.3257854560418,
    2256.248886660925,
    2650.171987865808,
    3044.0950890706918,
    3438.018190275575,
    3831.941291480458,
    4225.864392685341,
    4619.787493890224,
    1725.5159635974248,
    2119.439064802308,
    2513.3621660071913,
    2907.2852672120744,
    3301.208368416958,
    3695.131469621841,
    4089.054570826724,
    4482.977672031608,
    172.1607685490476,
    570.6386477857459,
    969.1165270224441,
    1367.5944062591423,
    1766.0722854958406,
    2164.5501647325386,
    2563.028043969237,
    2961.505923205935,
    3.112578218487215,
    401.5904574551853,
    800.0683366918837,
    1198.546215928582,
    1597.0240951652802,
    1995.5019744019783,
    2393.9798536386766,
    2792.457732875375,
    232.54226712462514,
    631.0201463613234,
    1029.4980255980217,
    1427.9759048347198,
    1826.453784071418,
    2224.931663308116,
    2623.4095425448145,
    3021.887421781513,
    63.494076794064995,
    461.97195603076307,
    860.4498352674613,
    1258.9277145041594,
    1657.4055937408577,
    2055.883472977556,
    2454.361352214254,
    2852.8392314509524,
    1142.0223279683926,
    1535.945429173276,
    1929.868530378159,
    2323.791631583042,
    2717.7147327879256,
    3111.6378339928087,
    3505.560935197692,
    3899.484036402575,
    1005.2125061097756,
    1399.135607314659,
    1793.058708519542,
    2186.981809724425,
    2580.9049109293082,
    2974.8280121341913,
    3368.751113339075,
    3762.6742145439584,
    1262.3257854560418,
    1656.248886660925,
    2050.171987865808,
    2444.0950890706918,
    2838.018190275575,
    3231.941291480458,
    3625.864392685341,
    4019.787493890224,
    1125.5159635974248,
    1519.4390648023082,
    1913.3621660071913,
    2307.2852672120744,
    2701.208368416958,
    3095.131469621841,
    3489.054570826724,
    3882.9776720316077
  ],
  "yc": [
    6789.892571948112,
    6427.369457133453,
    6064.846342318792,
    5702.323227504132,
    5339.800112689472,
    4977.276997874813,
    4614.7538830601525,
    4252.230768245492,
    6824.759163488464,
    6462.236048673804,
    6099.712933859144,
    5737.1898190444845,
    5374.666704229824,
    5012.143589415164,
    4649.620474600504,
    4287.097359785845,
    6497.102640214156,
    6134.579525399496,
    5772.056410584836,
    5409.533295770176,
    5047.010180955516,
    4684.487066140856,
    4321.9639513261955,
    3959.440836511536,
    6531.969231754508,
    6169.446116939847,
    5806.923002125188,
    5444.399887310527,
    5081.876772495867,
    4719.353657681208,
    4356.830542866548,
    3994.3074280518877,
    2818.0634774981336,
    2887.5227485649057,
    2956.9820196316778,
    3026.44129069845,
    3095.900561765222,
    3165.3598328319945,
    3234.8191038987666,
    3304.2783749655387,
    2442.1964363213187,
    2511.6557073880913,
    2581.1149784548634,
    2650.5742495216355,
    2720.0335205884076,
    2789.4927916551796,
    2858.9520627219517,
    2928.411333788724,
    2135.788666211276,
    2205.247937278048,
    2274.70720834482,
    2344.1664794115923,
    2413.625750478365,
    2483.085021545137,
    2552.544292611909,
    2622.003563678681,
    1759.9216250344612,
    1829.3808961012332,
    1898.8401671680053,
    1968.2994382347777,
    2037.7587093015497,
    2107.217980368322,
    2176.677251435094,
    2246.1365225018662,
    4536.420299556516,
    4571.282596655578,
    4606.144893754642,
    4641.007190853705,
    4675.869487952768,
    4710.731785051832,
    4745.594082150895,
    4780.4563792499575,
    4173.907307588003,
    4208.769604687066,
    4243.63190178613,
    4278.494198885193,
    4313.356495984256,
    4348.21879308332,
    4383.0810901823825,
    4417.943387281446,
    3846.256612718554,
    3881.1189098176174,
    3915.9812069166805,
    3950.8435040157437,
    3985.705801114807,
    4020.56809821387,
    4055.430395312934,
    4090.292692411997,
    3483.743620750042,
    3518.605917849105,
    3553.468214948168,
    3588.3305120472314,
    3623.192809146295,
    3658.0551062453583,
    3692.9174033444215,
    3727.7797004434847,
    8018.063477498134,
    8087.522748564906,
    8156.982019631678,
    8226.44129069845,
    8295.900561765222,
    8365.359832831995,
    8434.819103898766,
    8504.27837496554,
    7642.196436321319,
    7711.655707388091,
    7781.114978454863,
    7850.5742495216355,
    7920.033520588408,
    7989.49279165518,
    8058.952062721952,
    8128.411333788724,
    7335.788666211276,
    7405.247937278048,
    7474.70720834482,
    7544.166479411592,
    7613.625750478364,
    7683.085021545136,
    7752.5442926119085,
    7822.0035636786815,
    6959.921625034462,
    7029.380896101234,
    7098.840167168006,
    7168.299438234778,
    7237.75870930155,
    7307.217980368322,
    7376.677251435094,
    7446.136522501866
  ],
  "kcoords": [
    1,
    1,
    1,
    1,
    1,
    1,
    1,
    1,
    1,
    1,
    1,
    1,
    1,
    1,
    1,
    1,
    1,
    1,
    1,
    1,
    1,
    1,
    1,
    1,
    1,
    1,
    1,
    1,
    1,
    1,
    1,
    1,
    2,
    2,
    2,
    2,
    2,
    2,
    2,
    2,
    2,
    2,
    2,
    2,
    2,
    2,
    2,
    2,
    2,
    2,
    2,
    2,
    2,
    2,
    2,
    2,
    2,
    2,
    2,
    2,
    2,
    2,
    2,
    2,
    3,
    3,
    3,
    3,
    3,
    3,
    3,
    3,
    3,
    3,
    3,
    3,
    3,
    3,
    3,
    3,
    3,
    3,
    3,
    3,
    3,
    3,
    3,
    3,
    3,
    3,
    3,
    3,
    3,
    3,
    3,
    3,
    4,
    4,
    4,
    4,
    4,
    4,
    4,
    4,
    4,
    4,
    4,
    4,
    4,
    4,
    4,
    4,
    4,
    4,
    4,
    4,
    4,
    4,
    4,
    4,
    4,
    4,
    4,
    4,
    4,
    4,
    4,
    4
  ],
  "n_chan": 128
}