{
  "chanMap": [
    0,
    4,
    8,
    12,
    16,
    20,
    24,
    28,
    32,
    36,
    40,
    44,
    48,
    52,
    56,
    60,
    64,
    68,
    72,
    76,
    80,
    84,
    88,
    92,
    96,
    100,
    104,
    108,
    112,
    116,
    120,
    124,
    1,
    5,
    9,
    13,
    17,
    21,
    25,
    29,
    33,
    37,
    41,
    45,
    49,
    53,
    57,
    61,
    65,
    69,
    73,
    77,
    81,
    85,
    89,
    93,
    97,
    101,
    105,
    109,
    113,
    117,
    121,
    125,
    2,
    6,
    10,
    14,
    18,
    22,
    26,
    30,
    34,
    38,
    42,
    46,
    50,
    54,
    58,
    62,
    66,
    70,
    74,
    78,
    82,
    86,
    90,
    94,
    98,
    102,
    106,
    110,
    114,
    118,
    122,
    126,
    3,
    7,
    11,
    15,
    19,
    23,
    27,
    31,
    35,
    39,
    43,
    47,
    51,
    55,
    59,
    63,
    67,
    71,
    75,
    79,
    83,
    87,
    91,
    95,
    99,
    103,
    107,
    111,
    115,
    119,
    123,
    127
  ],
  "xc": [
    3812.5,
    3412.5,
    3012.5,
    2612.5,
    2212.5,
    1812.5,
    1412.5,
    1012.5,
    4012.5,
    3612.5,
    3212.5,
    2812.5,
    2412.5,
    2012.5,
    1612.5,
    1212.5,
    3812.5,
    3412.5,
    3012.5,
    2612.5,
    2212.5,
    1812.5,
    1412.5,
    1012.5,
    4012.5,
    3612.5,
    3212.5,
    2812.5,
    2412.5,
    2012.5,
    1612.5,
    1212.5,
    4145.833333333333,
    3745.833333333333,
    3345.833333333333,
    2945.833333333333,
    2545.833333333333,
    2145.833333333333,
    1745.8333333333333,
    1345.8333333333333,
    4345.833333333333,
    3945.833333333333,
    3545.833333333333,
    3145.833333333333,
    2745.833333333333,
    2345.833333333333,
    1945.8333333333333,
    1545.8333333333333,
    4145.833333333333,
    3745.833333333333,
    3345.833333333333,
    2945.833333333333,
    2545.833333333333,
    2145.833333333333,
    1745.8333333333333,
    1345.8333333333333,
    4345.833333333333,
    3945.833333333333,
    3545.833333333333,
    3145.833333333333,
    2745.833333333333,
    2345.833333333333,
    1945.8333333333333,
    1545.8333333333333,
    4992.9,
    4992.9,
    4992.9,
    4992.9,
    4992.9,
    4992.9,
    4992.900000000001,
    4992.900000000001,
    5339.3,
    5339.3,
    5339.3,
    5339.3,
    5339.3,
    5339.3,
    5339.3,
    5339.3,
    5685.7,
    5685.7,
    5685.7,
    5685.7,
    5685.7,
    5685.7,
    5685.7,
    5685.7,
    6032.1,
    6032.1,
    6032.1,
    6032.1,
    6032.1,
    6032.1,
    6032.1,
    6032.1,
    3779.609527916273,
    3916.4175852465405,
    4053.225642576808,
    4190.033699907075,
    4326.841757237343,
    4463.6498145676105,
    4600.457871897877,
    4737.265929228145,
    4036.7150230913776,
    4173.523080421645,
    4310.331137751913,
    4447.13919508218,
    4583.947252412448,
    4720.755309742715,
    4857.563367072982,
    4994.37142440325,
    4430.62857559675,
    4567.436632927018,
    4704.244690257285,
    4841.052747587552,
    4977.86080491782,
    5114.668862248087,
    5251.476919578355,
    5388.284976908622,
    4687.734070771855,
    4824.542128102123,
    4961.3501854323895,
    5098.158242762657,
    5234.966300092925,
    5371.774357423192,
    5508.5824147534595,
    5645.390472083727
  ],
  "yc": [
    4012.5,
    4012.5,
    4012.5,
    4012.5,
    4012.5,
    4012.5,
    4012.5,
    4012.5,
    4358.9,
    4358.9,
    4358.9,
    4358.9,
    4358.9,
    4358.9,
    4358.9,
    4358.9,
    4705.3,
    4705.3,
    4705.3,
    4705.3,
    4705.3,
    4705.3,
    4705.3,
    4705.3,
    5051.7,
    5051.7,
    5051.7,
    5051.7,
    5051.7,
    5051.7,
    5051.7,
    5051.7,
    6012.5,
    6012.5,
    6012.5,
    6012.5,
    6012.5,
    6012.5,
    6012.5,
    6012.5,
    6358.9,
    6358.9,
    6358.9,
    6358.9,
    6358.9,
    6358.9,
    6358.9,
    6358.9,
    6705.3,
    6705.3,
    6705.3,
    6705.3,
    6705.3,
    6705.3,
    6705.3,
    6705.3,
    7051.7,
    7051.7,
    7051.7,
    7051.7,
    7051.7,
    7051.7,
    7051.7,
    7051.7,
    3432.1,
    3832.1,
    4232.1,
    4632.1,
    5032.1,
    5432.1,
    5832.1,
    6232.1,
    3232.1,
    3632.1,
    4032.1,
    4432.1,
    4832.1,
    5232.1,
    5632.1,
    6032.1,
    3432.1,
    3832.1,
    4232.1,
    4632.1,
    5032.1,
    5432.1,
    5832.1,
    6232.1,
    3232.1,
    3632.1,
    4032.1,
    4432.099999999999,
    4832.1,
    5232.1,
    5632.1,
    6032.1,
    88.21325945033641,
    464.0903077646997,
    839.9673560790632,
    1215.8444043934264,
    1591.72145270779,
    1967.5985010221532,
    2343.4755493365165,
    2719.35259765088,
    -218.20104235485678,
    157.67600595950637,
    533.5530542738699,
    909.4301025882332,
    1285.3071509025967,
    1661.18419921696,
    2037.0612475313233,
    2412.9382958456868,
    -148.7382958456867,
    227.13875246867656,
    603.0158007830399,
    978.8928490974033,
    1354.7698974117666,
    1730.64694572613,
    2106.5239940404936,
    2482.4010423548566,
    -455.1525976508801,
    -79.27554933651686,
    296.60149897784663,
    672.4785472922099,
    1048.3555956065734,
    1424.2326439209367,
    1800.1096922353001,
    2175.9867405496634
  ],
  "kcoords": [
    1,
    1,
    1,
    1,
    1,
    1,
    1,
    1,
    1,
    1,
    1,
    1,
    1,
    1,
    1,
    1,
    1,
    1,
    1,
    1,
    1,
    1,
    1,
    1,
    1,
    1,
    1,
    1,
    1,
    1,
    1,
    1,
    2,
    2,
    2,
    2,
    2,
    2,
    2,
    2,
    2,
    2,
    2,
    2,
    2,
    2,
    2,
    2,
    2,
    2,
    2,
    2,
    2,
    2,
    2,
    2,
    2,
    2,
    2,
    2,
    2,
    2,
    2,
    2,
    3,
    3,
    3,
    3,
    3,
    3,
    3,
    3,
    3,
    3,
    3,
    3,
    3,
    3,
    3,
    3,
    3,
    3,
    3,
    3,
    3,
    3,
    3,
    3,
    3,
    3,
    3,
    3,
    3,
    3,
    3,
    3,
    4,
    4,
    4,
    4,
    4,
    4,
    4,
    4,
    4,
    4,
    4,
    4,
    4,
    4,
    4,
    4,
    4,
    4,
    4,
    4,
    4,
    4,
    4,
    4,
    4,
    4,
    4,
    4,
    4,
    4,
    4,
    4
  ],
  "n_chan": 128
}