{
  "chanMap": [
    0,
    6,
    12,
    18,
    24,
    30,
    36,
    42,
    48,
    54,
    60,
    66,
    72,
    78,
    84,
    90,
    96,
    102,
    108,
    114,
    120,
    126,
    132,
    138,
    144,
    150,
    156,
    162,
    168,
    174,
    180,
    186,
    1,
    7,
    13,
    19,
    25,
    31,
    37,
    43,
    49,
    55,
    61,
    67,
    73,
    79,
    85,
    91,
    97,
    103,
    109,
    115,
    121,
    127,
    133,
    139,
    145,
    151,
    157,
    163,
    169,
    175,
    181,
    187,
    2,
    8,
    14,
    20,
    26,
    32,
    38,
    44,
    50,
    56,
    62,
    68,
    74,
    80,
    86,
    92,
    98,
    104,
    110,
    116,
    122,
    128,
    134,
    140,
    146,
    152,
    158,
    164,
    170,
    176,
    182,
    188,
    3,
    9,
    15,
    21,
    27,
    33,
    39,
    45,
    51,
    57,
    63,
    69,
    75,
    81,
    87,
    93,
    99,
    105,
    111,
    117,
    123,
    129,
    135,
    141,
    147,
    153,
    159,
    165,
    171,
    177,
    183,
    189,
    4,
    10,
    16,
    22,
    28,
    34,
    40,
    46,
    52,
    58,
    64,
    70,
    76,
    82,
    88,
    94,
    100,
    106,
    112,
    118,
    124,
    130,
    136,
    142,
    148,
    154,
    160,
    166,
    172,
    178,
    184,
    190,
    5,
    11,
    17,
    23,
    29,
    35,
    41,
    47,
    53,
    59,
    65,
    71,
    77,
    83,
    89,
    95,
    101,
    107,
    113,
    119,
    125,
    131,
    137,
    143,
    149,
    155,
    161,
    167,
    173,
    179,
    185,
    191
  ],
  "xc": [
    2812.5,
    2412.5,
    2012.5,
    1612.5,
    1212.5,
    812.5,
    412.5,
    12.5,
    3012.5,
    2612.5,
    2212.5,
    1812.5,
    1412.5,
    1012.5,
    612.5,
    212.5,
    2812.5,
    2412.5,
    2012.5,
    1612.5,
    1212.5,
    812.5,
    412.5,
    12.5,
    3012.5,
    2612.5,
    2212.5,
    1812.5,
    1412.5,
    1012.5,
    612.5,
    212.5,
    3479.1666666666665,
    3079.1666666666665,
    2679.1666666666665,
    2279.1666666666665,
    1879.1666666666665,
    1479.1666666666665,
    1079.1666666666665,
    679.1666666666666,
    3679.1666666666665,
    3279.1666666666665,
    2879.1666666666665,
    2479.1666666666665,
    2079.1666666666665,
    1679.1666666666665,
    1279.1666666666665,
    879.1666666666666,
    3479.1666666666665,
    3079.1666666666665,
    2679.1666666666665,
    2279.1666666666665,
    1879.1666666666665,
    1479.1666666666665,
    1079.1666666666665,
    679.1666666666666,
    3679.1666666666665,
    3279.1666666666665,
    2879.1666666666665,
    2479.1666666666665,
    2079.1666666666665,
    1679.1666666666665,
    1279.1666666666665,
    879.1666666666666,
    3812.5,
    3412.5,
    3012.5,
    2612.5,
    2212.5,
    1812.5,
    1412.5,
    1012.5,
    4012.5,
    3612.5,
    3212.5,
    2812.5,
    2412.5,
    2012.5,
    1612.5,
    1212.5,
    3812.5,
    3412.5,
    3012.5,
    2612.5,
    2212.5,
    1812.5,
    1412.5,
    1012.5,
    4012.5,
    3612.5,
    3212.5,
    2812.5,
    2412.5,
    2012.5,
    1612.5,
    1212.5,
    4145.833333333333,
    3745.833333333333,
    3345.833333333333,
    2945.833333333333,
    2545.833333333333,
    2145.833333333333,
    1745.8333333333333,
    1345.8333333333333,
    4345.833333333333,
    3945.833333333333,
    3545.833333333333,
    3145.833333333333,
    2745.833333333333,
    2345.833333333333,
    1945.8333333333333,
    1545.8333333333333,
    4145.833333333333,
    3745.833333333333,
    3345.833333333333,
    2945.833333333333,
    2545.833333333333,
    2145.833333333333,
    1745.8333333333333,
    1345.8333333333333,
    4345.833333333333,
    3945.833333333333,
    3545.833333333333,
    3145.833333333333,
    2745.833333333333,
    2345.833333333333,
    1945.8333333333333,
    1545.8333333333333,
    4992.9,
    4992.9,
    4992.9,
    4992.9,
    4992.9,
    4992.9,
    4992.900000000001,
    4992.900000000001,
    5339.3,
    5339.3,
    5339.3,
    5339.3,
    5339.3,
    5339.3,
    5339.3,
    5339.3,
    5685.7,
    5685.7,
    5685.7,
    5685.7,
    5685.7,
    5685.7,
    5685.7,
    5685.7,
    6032.1,
    6032.1,
    6032.1,
    6032.1,
    6032.1,
    6032.1,
    6032.1,
    6032.1,
    3779.609527916273,
    3916.4175852465405,
    4053.225642576808,
    4190.033699907075,
    4326.841757237343,
    4463.6498145676105,
    4600.457871897877,
    4737.265929228145,
    4036.7150230913776,
    4173.523080421645,
    4310.331137751913,
    4447.13919508218,
    4583.947252412448,
    4720.755309742715,
    4857.563367072982,
    4994.37142440325,
    4430.62857559675,
    4567.436632927018,
    4704.244690257285,
    4841.052747587552,
    4977.86080491782,
    5114.668862248087,
    5251.476919578355,
    5388.284976908622,
    4687.734070771855,
    4824.542128102123,
    4961.3501854323895,
    5098.158242762657,
    5234.966300092925,
    5371.774357423192,
    5508.5824147534595,
    5645.390472083727
  ],
  "yc": [
    12.5,
    12.5,
    12.5,
    12.5,
    12.5,
    12.5,
    12.5,
    12.5,
    358.9,
    358.9,
    358.9,
    358.9,
    358.9,
    358.9,
    358.9,
    358.9,
    705.3,
    705.3,
    705.3,
    705.3,
    705.3,
    705.3,
    705.3,
    705.3,
    1051.6999999999998,
    1051.6999999999998,
    1051.6999999999998,
    1051.6999999999998,
    1051.6999999999998,
    1051.6999999999998,
    1051.6999999999998,
    1051.6999999999998,
    2012.5,
    2012.5,
    2012.5,
    2012.5,
    2012.5,
    2012.5,
    2012.5,
    2012.5,
    2358.9,
    2358.9,
    2358.9,
    2358.9,
    2358.9,
    2358.9,
    2358.9,
    2358.9,
    2705.3,
    2705.3,
    2705.3,
    2705.3,
    2705.3,
    2705.3,
    2705.3,
    2705.3,
    3051.7,
    3051.7,
    3051.7,
    3051.7,
    3051.7,
    3051.7,
    3051.7,
    3051.7,
    4012.5,
    4012.5,
    4012.5,
    4012.5,
    4012.5,
    4012.5,
    4012.5,
    4012.5,
    4358.9,
    4358.9,
    4358.9,
    4358.9,
    4358.9,
    4358.9,
    4358.9,
    4358.9,
    4705.3,
    4705.3,
    4705.3,
    4705.3,
    4705.3,
    4705.3,
    4705.3,
    4705.3,
    5051.7,
    5051.7,
    5051.7,
    5051.7,
    5051.7,
    5051.7,
    5051.7,
    5051.7,
    6012.5,
    6012.5,
    6012.5,
    6012.5,
    6012.5,
    6012.5,
    6012.5,
    6012.5,
    6358.9,
    6358.9,
    6358.9,
    6358.9,
    6358.9,
    6358.9,
    6358.9,
    6358.9,
    6705.3,
    6705.3,
    6705.3,
    6705.3,
    6705.3,
    6705.3,
    6705.3,
    6705.3,
    7051.7,
    7051.7,
    7051.7,
    7051.7,
    7051.7,
    7051.7,
    7051.7,
    7051.7,
    3432.1,
    3832.1,
    4232.1,
    4632.1,
    5032.1,
    5432.1,
    5832.1,
    6232.1,
    3232.1,
    3632.1,
    4032.1,
    4432.1,
    4832.1,
    5232.1,
    5632.1,
    6032.1,
    3432.1,
    3832.1,
    4232.1,
    4632.1,
    5032.1,
    5432.1,
    5832.1,
    6232.1,
    3232.1,
    3632.1,
    4032.1,
    4432.099999999999,
    4832.1,
    5232.1,
    5632.1,
    6032.1,
    88.21325945033641,
    464.0903077646997,
    839.9673560790632,
    1215.8444043934264,
    1591.72145270779,
    1967.5985010221532,
    2343.4755493365165,
    2719.35259765088,
    -218.20104235485678,
    157.67600595950637,
    533.5530542738699,
    909.4301025882332,
    1285.3071509025967,
    1661.18419921696,
    2037.0612475313233,
    2412.9382958456868,
    -148.7382958456867,
    227.13875246867656,
    603.0158007830399,
    978.8928490974033,
    1354.7698974117666,
    1730.64694572613,
    2106.5239940404936,
    2482.4010423548566,
    -455.1525976508801,
    -79.27554933651686,
    296.60149897784663,
    672.4785472922099,
    1048.3555956065734,
    1424.2326439209367,
    1800.1096922353001,
    2175.9867405496634
  ],