{
  "chanMap": [
    0,
    6,
    12,
    18,
    24,
    30,
    36,
    42,
    48,
    54,
    60,
    66,
    72,
    78,
    84,
    90,
    96,
    102,
    108,
    114,
    120,
    126,
    132,
    138,
    144,
    150,
    156,
    162,
    168,
    174,
    180,
    186,
    1,
    7,
    13,
    19,
    25,
    31,
    37,
    43,
    49,
    55,
    61,
    67,
    73,
    79,
    85,
    91,
    97,
    103,
    109,
    115,
    121,
    127,
    133,
    139,
    145,
    151,
    157,
    163,
    169,
    175,
    181,
    187,
    2,
    8,
    14,
    20,
    26,
    32,
    38,
    44,
    50,
    56,
    62,
    68,
    74,
    80,
    86,
    92,
    98,
    104,
    110,
    116,
    122,
    128,
    134,
    140,
    146,
    152,
    158,
    164,
    170,
    176,
    182,
    188,
    3,
    9,
    15,
    21,
    27,
    33,
    39,
    45,
    51,
    57,
    63,
    69,
    75,
    81,
    87,
    93,
    99,
    105,
    111,
    117,
    123,
    129,
    135,
    141,
    147,
    153,
    159,
    165,
    171,
    177,
    183,
    189,
    4,
    10,
    16,
    22,
    28,
    34,
    40,
    46,
    52,
    58,
    64,
    70,
    76,
    82,
    88,
    94,
    100,
    106,
    112,
    118,
    124,
    130,
    136,
    142,
    148,
    154,
    160,
    166,
    172,
    178,
    184,
    190,
    5,
    11,
    17,
    23,
    29,
    35,
    41,
    47,
    53,
    59,
    65,
    71,
    77,
    83,
    89,
    95,
    101,
    107,
    113,
    119,
    125,
    131,
    137,
    143,
    149,
    155,
    161,
    167,
    173,
    179,
    185,
    191
  ],
  "xc": [
    4146.160585237122,
    3889.0455413625064,
    3631.9304974878905,
    3374.815453613275,
    3117.700409738659,
    2860.5853658640435,
    2603.4703219894277,
    2346.355278114812,
    4009.3603120780162,
    3752.2452682034,
    3495.1302243287846,
    3238.015180454169,
    2980.900136579553,
    2723.7850927049376,
    2466.6700488303213,
    2209.555004955706,
    3615.444995044294,
    3358.329951169678,
    3101.2149072950624,
    2844.099863420447,
    2586.984819545831,
    2329.8697756712154,
    2072.7547317965996,
    1815.639687921984,
    3478.644721885188,
    3221.5296780105723,
    2964.4146341359565,
    2707.299590261341,
    2450.184546386725,
    2193.0695025121095,
    1935.9544586374936,
    1678.8394147628778,
    4756.138099436988,
    4892.946156767256,
    5029.754214097524,
    5166.562271427791,
    5303.370328758058,
    5440.178386088326,
    5576.986443418594,
    5713.7945007488615,
    4362.224546931617,
    4499.0326042618835,
    4635.840661592151,
    4772.648718922419,
    4909.456776252686,
    5046.2648335829535,
    5183.072890913221,
    5319.880948243489,
    4105.119051756511,
    4241.927109086779,
    4378.7351664170465,
    4515.543223747314,
    4652.351281077581,
    4789.159338407849,
    4925.9673957381165,
    5062.775453068384,
    3711.205499251139,
    3848.013556581406,
    3984.821613911674,
    4121.629671241942,
    4258.437728572209,
    4395.245785902476,
    4532.053843232744,
    4668.861900563012,
    212.5,
    612.5,
    1012.5,
    1412.5,
    1812.5,
    2212.5,
    2612.5,
    3012.5,
    12.5,
    412.5,
    812.5,
    1212.5,
    1612.5,
    2012.5,
    2412.5,
    2812.5,
    212.5,
    612.5,
    1012.5,
    1412.5,
    1812.5,
    2212.5,
    2612.5,
    3012.5,
    12.5,
    412.5,
    812.5,
    1212.5,
    1612.5,
    2012.5,
    2412.5,
    2812.5,
    212.5,
    612.5,
    1012.5,
    1412.5,
    1812.5,
    2212.5,
    2612.5,
    3012.5,
    12.5,
    412.5,
    812.5,
    1212.5,
    1612.5,
    2012.5,
    2412.5,
    2812.5,
    212.5,
    612.5,
    1012.5,
    1412.5,
    1812.5,
    2212.5,
    2612.5,
    3012.5,
    12.5,
    412.5,
    812.5,
    1212.5,
    1612.5,
    2012.5,
    2412.5,
    2812.5,
    12.5,
    412.5,
    812.5,
    1212.5,
    1612.5,
    2012.5,
    2412.5,
    2812.5,
    -187.5,
    212.5,
    612.5,
    1012.5,
    1412.5,
    1812.5,
    2212.5,
    2612.5,
    12.5,
    412.5,
    812.5,
    1212.5,
    1612.5,
    2012.5,
    2412.5,
    2812.5,
    -187.5,
    212.5,
    612.5,
    1012.5,
    1412.5,
    1812.5,
    2212.5,
    2612.5,
    -787.5,
    -387.5,
    12.5,
    412.5,
    812.5,
    1212.5,
    1612.5,
    2012.5,
    -987.5,
    -587.5,
    -187.5,
    212.5,
    612.5,
    1012.5,
    1412.5,
    1812.5,
    -787.5,
    -387.5,
    12.5,
    412.5,
    812.5,
    1212.5,
    1612.5,
    2012.5,
    -987.5,
    -587.5,
    -187.5,
    212.5,
    612.5,
    1012.5,
    1412.5,
    1812.5
  ],
  "yc": [
    7693.965334061546,
    7387.5475568139545,
    7081.129779566363,
    6774.712002318772,
    6468.29422507118,
    6161.87644782359,
    5855.458670575998,
    5549.040893328407,
    8069.835850680758,
    7763.418073433168,
    7457.000296185576,
    7150.582518937985,
    6844.164741690393,
    6537.746964442802,
    6231.3291871952115,
    5924.91140994762,
    8139.28859005238,
    7832.870812804789,
    7526.453035557198,
    7220.035258309606,
    6913.617481062015,
    6607.199703814424,
    6300.781926566833,
    5994.364149319242,
    8515.159106671592,
    8208.741329424001,
    7902.323552176411,
    7595.905774928819,
    7289.487997681228,
    6983.070220433637,
    6676.652443186045,
    6370.234665938455,
    2931.414073493698,
    2555.5370251793347,
    2179.6599768649717,
    1803.7829285506082,
    1427.905880236245,
    1052.0288319218816,
    676.1517836075183,
    300.2747352931549,
    3000.876820002868,
    2624.999771688505,
    2249.1227233741415,
    1873.2456750597783,
    1497.368626745415,
    1121.4915784310515,
    745.6145301166882,
    369.73748180232496,
    2694.4625181976753,
    2318.585469883312,
    1942.7084215689483,
    1566.8313732545848,
    1190.9543249402216,
    815.0772766258583,
    439.20022831149504,
    63.323179997131774,
    2763.925264706845,
    2388.0482163924817,
    2012.1711680781182,
    1636.294119763755,
    1260.4170714493916,
    884.5400231350283,
    508.6629748206649,
    132.78592650630162,
    1051.6999999999998,
    1051.6999999999998,
    1051.6999999999998,
    1051.6999999999998,
    1051.6999999999998,
    1051.6999999999998,
    1051.6999999999998,
    1051.6999999999998,
    705.3,
    705.3,
    705.3,
    705.3,
    705.3,
    705.3,
    705.3,
    705.3,
    358.9,
    358.9,
    358.9,
    358.9,
    358.9,
    358.9,
    358.9,
    358.9,
    12.5,
    12.5,
    12.5,
    12.5,
    12.5,
    12.5,
    12.5,
    12.5,
    3051.7,
    3051.7,
    3051.7,
    3051.7,
    3051.7,
    3051.7,
    3051.7,
    3051.7,
    2705.3,
    2705.3,
    2705.3,
    2705.3,
    2705.3,
    2705.3,
    2705.3,
    2705.3,
    2358.9,
    2358.9,
    2358.9,
    2358.9,
    2358.9,
    2358.9,
    2358.9,
    2358.9,
    2012.5,
    2012.5,
    2012.5,
    2012.5,
    2012.5,
    2012.5,
    2012.5,
    2012.5,
    5051.7,
    5051.7,
    5051.7,
    5051.7,
    5051.7,
    5051.7,
    5051.7,
    5051.7,
    4705.3,
    4705.3,
    4705.3,
    4705.3,
    4705.3,
    4705.3,
    4705.3,
    4705.3,
    4358.9,
    4358.9,
    4358.9,
    4358.9,
    4358.9,
    4358.9,
    4358.9,
    4358.9,
    4012.5,
    4012.5,
    4012.5,
    4012.5,
    4012.5,
    4012.5,
    4012.5,
    4012.5,
    8451.7,
    8451.7,
    8451.7,
    8451.7,
    8451.7,
    8451.7,
    8451.7,
    8451.7,
    8105.3,
    8105.3,
    8105.3,
    8105.3,
    8105.3,
    8105.3,
    8105.3,
    8105.3,
    7758.9,
    7758.9,
    7758.9,
    7758.9,
    7758.9,
    7758.9,
    7758.9,
    7758.9,
    7412.5,
    7412.5,
    7412.5,
    7412.5,
    7412.5,
    7412.5,
    7412.5,
    7412.5
  ],