{
  "chanMap": [
    0,
    4,
    8,
    12,
    16,
    20,
    24,
    28,
    32,
    36,
    40,
    44,
    48,
    52,
    56,
    60,
    64,
    68,
    72,
    76,
    80,
    84,
    88,
    92,
    96,
    100,
    104,
    108,
    112,
    116,
    120,
    124,
    1,
    5,
    9,
    13,
    17,
    21,
    25,
    29,
    33,
    37,
    41,
    45,
    49,
    53,
    57,
    61,
    65,
    69,
    73,
    77,
    81,
    85,
    89,
    93,
    97,
    101,
    105,
    109,
    113,
    117,
    121,
    125,
    2,
    6,
    10,
    14,
    18,
    22,
    26,
    30,
    34,
    38,
    42,
    46,
    50,
    54,
    58,
    62,
    66,
    70,
    74,
    78,
    82,
    86,
    90,
    94,
    98,
    102,
    106,
    110,
    114,
    118,
    122,
    126,
    3,
    7,
    11,
    15,
    19,
    23,
    27,
    31,
    35,
    39,
    43,
    47,
    51,
    55,
    59,
    63,
    67,
    71,
    75,
    79,
    83,
    87,
    91,
    95,
    99,
    103,
    107,
    111,
    115,
    119,
    123,
    127
  ],
  "xc": [
    4756.138099436988,
    4892.946156767256,
    5029.754214097524,
    5166.562271427791,
    5303.370328758058,
    5440.178386088326,
    5576.986443418594,
    5713.7945007488615,
    4362.224546931617,
    4499.0326042618835,
    4635.840661592151,
    4772.648718922419,
    4909.456776252686,
    5046.2648335829535,
    5183.072890913221,
    5319.880948243489,
    4105.119051756511,
    4241.927109086779,
    4378.7351664170465,
    4515.543223747314,
    4652.351281077581,
    4789.159338407849,
    4925.9673957381165,
    5062.775453068384,
    3711.205499251139,
    3848.013556581406,
    3984.821613911674,
    4121.629671241942,
    4258.437728572209,
    4395.245785902476,
    4532.053843232744,
    4668.861900563012,
    212.5,
    612.5,
    1012.5,
    1412.5,
    1812.5,
    2212.5,
    2612.5,
    3012.5,
    12.5,
    412.5,
    812.5,
    1212.5,
    1612.5,
    2012.5,
    2412.5,
    2812.5,
    212.5,
    612.5,
    1012.5,
    1412.5,
    1812.5,
    2212.5,
    2612.5,
    3012.5,
    12.5,
    412.5,
    812.5,
    1212.5,
    1612.5,
    2012.5,
    2412.5,
    2812.5,
    212.5,
    612.5,
    1012.5,
    1412.5,
    1812.5,
    2212.5,
    2612.5,
    3012.5,
    12.5,
    412.5,
    812.5,
    1212.5,
    1612.5,
    2012.5,
    2412.5,
    2812.5,
    212.5,
    612.5,
    1012.5,
    1412.5,
    1812.5,
    2212.5,
    2612.5,
    3012.5,
    12.5,
    412.5,
    812.5,
    1212.5,
    1612.5,
    2012.5,
    2412.5,
    2812.5,
    12.5,
    412.5,
    812.5,
    1212.5,
    1612.5,
    2012.5,
    2412.5,
    2812.5,
    -187.5,
    212.5,
    612.5,
    1012.5,
    1412.5,
    1812.5,
    2212.5,
    2612.5,
    12.5,
    412.5,
    812.5,
    1212.5,
    1612.5,
    2012.5,
    2412.5,
    2812.5,
    -187.5,
    212.5,
    612.5,
    1012.5,
    1412.5,
    1812.5,
    2212.5,
    2612.5
  ],
  "yc": [
    2931.414073493698,
    2555.5370251793347,
    2179.6599768649717,
    1803.7829285506082,
    1427.905880236245,
    1052.0288319218816,
    676.1517836075183,
    300.2747352931549,
    3000.876820002868,
    2624.999771688505,
    2249.1227233741415,
    1873.2456750597783,
    1497.368626745415,
    1121.4915784310515,
    745.6145301166882,
    369.73748180232496,
    2694.4625181976753,
    2318.585469883312,
    1942.7084215689483,
    1566.8313732545848,
    1190.9543249402216,
    815.0772766258583,
    439.20022831149504,
    63.323179997131774,
    2763.925264706845,
    2388.0482163924817,
    2012.1711680781182,
    1636.294119763755,
    1260.4170714493916,
    884.5400231350283,
    508.6629748206649,
    132.78592650630162,
    1051.6999999999998,
    1051.6999999999998,
    1051.6999999999998,
    1051.6999999999998,
    1051.6999999999998,
    1051.6999999999998,
    1051.6999999999998,
    1051.6999999999998,
    705.3,
    705.3,
    705.3,
    705.3,
    705.3,
    705.3,
    705.3,
    705.3,
    358.9,
    358.9,
    358.9,
    358.9,
    358.9,
    358.9,
    358.9,
    358.9,
    12.5,
    12.5,
    12.5,
    12.5,
    12.5,
    12.5,
    12.5,
    12.5,
    3051.7,
    3051.7,
    3051.7,
    3051.7,
    3051.7,
    3051.7,
    3051.7,
    3051.7,
    2705.3,
    2705.3,
    2705.3,
    2705.3,
    2705.3,
    2705.3,
    2705.3,
    2705.3,
    2358.9,
    2358.9,
    2358.9,
    2358.9,
    2358.9,
    2358.9,
    2358.9,
    2358.9,
    2012.5,
    2012.5,
    2012.5,
    2012.5,
    2012.5,
    2012.5,
    2012.5,
    2012.5,
    5051.7,
    5051.7,
    5051.7,
    5051.7,
    5051.7,
    5051.7,
    5051.7,
    5051.7,
    4705.3,
    4705.3,
    4705.3,
    4705.3,
    4705.3,
    4705.3,
    4705.3,
    4705.3,
    4358.9,
    4358.9,
    4358.9,
    4358.9,
    4358.9,
    4358.9,
    4358.9,
    4358.9,
    4012.5,
    4012.5,
    4012.5,
    4012.5,
    4012.5,
    4012.5,
    4012.5,
    4012.5
  ],
  "kcoords": [
    1,
    1,
    1,
    1,
    1,
    1,
    1,
    1,
    1,
    1,
    1,
    1,
    1,
    1,
    1,
    1,
    1,
    1,
    1,
    1,
    1,
    1,
    1,
    1,
    1,
    1,
    1,
    1,
    1,
    1,
    1,
    1,
    2,
    2,
    2,
    2,
    2,
    2,
    2,
    2,
    2,
    2,
    2,
    2,
    2,
    2,
    2,
    2,
    2,
    2,
    2,
    2,
    2,
    2,
    2,
    2,
    2,
    2,
    2,
    2,
    2,
    2,
    2,
    2,
    3,
    3,
    3,
    3,
    3,
    3,
    3,
    3,
    3,
    3,
    3,
    3,
    3,
    3,
    3,
    3,
    3,
    3,
    3,
    3,
    3,
    3,
    3,
    3,
    3,
    3,
    3,
    3,
    3,
    3,
    3,
    3,
    4,
    4,
    4,
    4,
    4,
    4,
    4,
    4,
    4,
    4,
    4,
    4,
    4,
    4,
    4,
    4,
    4,
    4,
    4,
    4,
    4,
    4,
    4,
    4,
    4,
    4,
    4,
    4,
    4,
    4,
    4,
    4
  ],
  "n_chan": 128
}