{"chanMap": [0, 4, 8, 12, 16, 20, 24, 28, 32, 36, 40, 44, 48, 52, 56, 60, 64, 68, 72, 76, 80, 84, 88, 92, 96, 100, 104, 108, 112, 116, 120, 124, 1, 5, 9, 13, 17, 21, 25, 29, 33, 37, 41, 45, 49, 53, 57, 61, 65, 69, 73, 77, 81, 85, 89, 93, 97, 101, 105, 109, 113, 117, 121, 125, 2, 6, 10, 14, 18, 22, 26, 30, 34, 38, 42, 46, 50, 54, 58, 62, 66, 70, 74, 78, 82, 86, 90, 94, 98, 102, 106, 110, 114, 118, 122, 126, 3, 7, 11, 15, 19, 23, 27, 31, 35, 39, 43, 47, 51, 55, 59, 63, 67, 71, 75, 79, 83, 87, 91, 95, 99, 103, 107, 111, 115, 119, 123, 127], "xc": [2812.5, 2412.5, 2012.5, 1612.5, 1212.5, 812.5, 412.5, 12.5, 3012.5, 2612.5, 2212.5, 1812.5, 1412.5, 1012.5, 612.5, 212.5, 2812.5, 2412.5, 2012.5, 1612.5, 1212.5, 812.5, 412.5, 12.5, 3012.5, 2612.5, 2212.5, 1812.5, 1412.5, 1012.5, 612.5, 212.5, -1187.5, -1587.5, -1987.5, -2387.5, -2787.5, -3187.5, -3587.5, -3987.5, -987.5, -1387.5, -1787.5, -2187.5, -2587.5, -2987.5, -3387.5, -3787.5, -1187.5, -1587.5, -1987.5, -2387.5, -2787.5, -3187.5, -3587.5, -3987.5, -987.5, -1387.5, -1787.5, -2187.5, -2587.5, -2987.5, -3387.5, -3787.5, 212.5, 612.5, 1012.5, 1412.5, 1812.5, 2212.5, 2612.5, 3012.5, 12.5, 412.5, 812.5, 1212.5, 1612.5, 2012.5, 2412.5, 2812.5, 212.5, 612.5, 1012.5, 1412.5, 1812.5, 2212.5, 2612.5, 3012.5, 12.5, 412.5, 812.5, 1212.5, 1612.5, 2012.5, 2412.5, 2812.5, -3787.5, -3387.5, -2987.5, -2587.5, -2187.5, -1787.5, -1387.5, -987.5, -3987.5, -3587.5, -3187.5, -2787.5, -2387.5, -1987.5, -1587.5, -1187.5, -3787.5, -3387.5, -2987.5, -2587.5, -2187.5, -1787.5, -1387.5, -987.5, -3987.5, -3587.5, -3187.5, -2787.5, -2387.5, -1987.5, -1587.5, -1187.5], "yc": [12.5, 12.5, 12.5, 12.5, 12.5, 12.5, 12.5, 12.5, 358.9, 358.9, 358.9, 358.9, 358.9, 358.9, 358.9, 358.9, 705.3, 705.3, 705.3, 705.3, 705.3, 705.3, 705.3, 705.3, 1051.6999999999998, 1051.6999999999998, 1051.6999999999998, 1051.6999999999998, 1051.6999999999998, 1051.6999999999998, 1051.6999999999998, 1051.6999999999998, 12.5, 12.5, 12.5, 12.5, 12.5, 12.5, 12.5, 12.5, 358.9, 358.9, 358.9, 358.9, 358.9, 358.9, 358.9, 358.9, 705.3, 705.3, 705.3, 705.3, 705.3, 705.3, 705.3, 705.3, 1051.6999999999998, 1051.6999999999998, 1051.6999999999998, 1051.6999999999998, 1051.6999999999998, 1051.6999999999998, 1051.6999999999998, 1051.6999999999998, 3051.7, 3051.7, 3051.7, 3051.7, 3051.7, 3051.7, 3051.7, 3051.7, 2705.3, 2705.3, 2705.3, 2705.3, 2705.3, 2705.3, 2705.3, 2705.3, 2358.9, 2358.9, 2358.9, 2358.9, 2358.9, 2358.9, 2358.9, 2358.9, 2012.5, 2012.5, 2012.5, 2012.5, 2012.5, 2012.5, 2012.5, 2012.5, 3051.7, 3051.7, 3051.7, 3051.7, 3051.7, 3051.7, 3051.7, 3051.7, 2705.3, 2705.3, 2705.3, 2705.3, 2705.3, 2705.3, 2705.3, 2705.3, 2358.9, 2358.9, 2358.9, 2358.9, 2358.9, 2358.9, 2358.9, 2358.9, 2012.5, 2012.5, 2012.5, 2012.5, 2012.5, 2012.5, 2012.5, 2012.5], "kcoords": [1, 1, 1, 1, 1, 1, 1, 1, 1, 1, 1, 1, 1, 1, 1, 1, 1, 1, 1, 1, 1, 1, 1, 1, 1, 1, 1, 1, 1, 1, 1, 1, 2, 2, 2, 2, 2, 2, 2, 2, 2, 2, 2, 2, 2, 2, 2, 2, 2, 2, 2, 2, 2, 2, 2, 2, 2, 2, 2, 2, 2, 2, 2, 2, 3, 3, 3, 3, 3, 3, 3, 3, 3, 3, 3, 3, 3, 3, 3, 3, 3, 3, 3, 3, 3, 3, 3, 3, 3, 3, 3, 3, 3, 3, 3, 3, 4, 4, 4, 4, 4, 4, 4, 4, 4, 4, 4, 4, 4, 4, 4, 4, 4, 4, 4, 4, 4, 4, 4, 4, 4, 4, 4, 4, 4, 4, 4, 4], "n_chan": 128}